,EmployeeID,Predicted_Probability,Prediction,Attrition_numeric
0,1,0.9151125158683078,True,1.0
1,2,0.0024124078847896084,False,0.0
2,4,0.7137268783413768,True,1.0
3,5,0.017101779000337203,False,0.0
4,7,0.0591302172198855,False,0.0
5,8,0.0031492946853357985,False,0.0
6,10,0.105058918847336,False,0.0
7,11,0.03862723862504149,False,0.0
8,12,0.011672638599527222,False,0.0
9,13,0.014594511032953759,False,0.0
10,14,0.0114356576724133,False,0.0
11,15,0.004976698942859593,False,0.0
12,16,0.0039125146798237,False,0.0
13,18,0.006685088546716682,False,0.0
14,19,0.990672026262212,True,1.0
15,20,0.012308693682882281,False,0.0
16,21,0.0037169277981827804,False,0.0
17,22,0.10138152068598827,False,0.0
18,23,0.012532327970675558,False,0.0
19,24,0.006209097934739542,False,0.0
20,26,0.003059078844774539,False,0.0
21,27,0.006304851609284054,False,1.0
22,28,0.003027992059834477,False,0.0
23,30,0.019945572455568477,False,0.0
24,31,0.7986753868102662,True,1.0
25,32,0.0026582968758351025,False,0.0
26,33,0.9809078918878704,True,1.0
27,35,0.007663800829500391,False,0.0
28,36,0.015724249290831504,False,0.0
29,38,0.0030194163315540915,False,0.0
30,39,0.05926171188060758,False,0.0
31,40,0.0067515393111037434,False,0.0
32,41,0.019292489684540292,False,0.0
33,42,0.8653990633086726,True,1.0
34,45,0.9192136436170769,True,1.0
35,46,0.00035133667400292595,False,0.0
36,47,0.922828626978378,True,1.0
37,49,0.008230378556283256,False,0.0
38,51,0.029957596049107128,False,0.0
39,52,0.004605158500970098,False,0.0
40,53,0.007526177314439403,False,0.0
41,54,0.015042200380305994,False,0.0
42,55,0.9531037338315258,True,1.0
43,56,0.028562242759228428,False,0.0
44,57,0.00501060317038841,False,0.0
45,58,0.0050473702589584005,False,1.0
46,60,0.01083098732020823,False,0.0
47,61,0.005794133995092807,False,0.0
48,62,0.06963167085105502,False,0.0
49,63,0.0008258059317034098,False,0.0
50,64,0.9159474519192671,True,1.0
51,65,0.9470059080874185,True,1.0
52,68,0.03309066523407217,False,0.0
53,70,0.021080605159828535,False,0.0
54,72,0.09516755304579357,False,0.0
55,73,0.01313299988010901,False,0.0
56,74,0.04258587329533097,False,0.0
57,75,0.19987003939909853,False,0.0
58,76,0.003126577643607194,False,0.0
59,77,0.001081100723042158,False,0.0
60,78,0.017024293862733,False,0.0
61,79,0.007670212335209706,False,0.0
62,80,0.011972145861369271,False,0.0
63,81,0.02530870246395426,False,0.0
64,83,0.0035170350553297316,False,0.0
65,84,0.0004036078954383637,False,0.0
66,85,0.007744656819622055,False,0.0
67,86,0.007545004977491813,False,0.0
68,88,0.015507747575589306,False,0.0
69,90,0.9493370563187005,True,1.0
70,91,0.014411828613686827,False,0.0
71,94,0.00014692739529012714,False,0.0
72,95,0.0928383704493944,False,0.0
73,96,0.001599722683355073,False,0.0
74,97,0.00018082263119404392,False,0.0
75,98,0.0026189446745881824,False,0.0
76,100,0.0015396206605646527,False,0.0
77,101,0.002378385875674307,False,0.0
78,102,0.0008975412726908059,False,0.0
79,103,0.033876805268356104,False,0.0
80,104,0.0737877334627725,False,0.0
81,105,0.010501154879564345,False,0.0
82,106,0.0448141522855036,False,0.0
83,107,0.0007630226699320063,False,0.0
84,110,0.005871305377822555,False,0.0
85,112,0.02715928493544834,False,0.0
86,113,0.09440259675921385,False,0.0
87,116,0.002842536100349926,False,0.0
88,117,0.001783712063382726,False,0.0
89,118,0.7835604790623103,True,1.0
90,119,0.00321731464147228,False,0.0
91,120,0.056152343573331015,False,0.0
92,121,0.01235303669425957,False,0.0
93,124,0.004773458606744644,False,0.0
94,125,0.09846321674666746,False,0.0
95,126,0.005936800136383486,False,0.0
96,128,0.007775747805898529,False,0.0
97,129,0.0008237112970899483,False,0.0
98,131,0.0032130012355597397,False,0.0
99,132,0.007480786157580839,False,0.0
100,133,0.9436659564773046,True,1.0
101,134,0.06440045911984818,False,0.0
102,137,0.9738108772375794,True,1.0
103,138,0.001160907064957112,False,0.0
104,139,0.0007990584252023723,False,0.0
105,140,0.00016519998989200014,False,0.0
106,141,0.005917979945054559,False,0.0
107,142,0.9047558625059492,True,1.0
108,143,0.006566727560621847,False,0.0
109,144,0.08058523441376637,False,0.0
110,145,0.007844469792277606,False,0.0
111,147,0.22021657840492578,False,1.0
112,148,0.010991844702294189,False,0.0
113,150,0.003133113855983201,False,0.0
114,151,0.002664025593861023,False,0.0
115,152,0.0074763689234217225,False,0.0
116,153,0.0006897413500670926,False,0.0
117,154,0.018863790823050862,False,0.0
118,155,0.01891062924863237,False,0.0
119,158,0.0012822777215106317,False,0.0
120,159,0.010309359314278472,False,0.0
121,160,0.009281546134458252,False,0.0
122,161,0.23379651193630016,False,1.0
123,162,0.0027986261443492216,False,0.0
124,163,0.872576580825953,True,1.0
125,164,0.0012285929771716224,False,0.0
126,165,0.9893049782683704,True,1.0
127,167,0.9997441968810932,True,1.0
128,169,0.0017128366300105486,False,0.0
129,170,0.00629239351633014,False,0.0
130,171,0.04080860480096917,False,0.0
131,174,0.104750409431615,False,0.0
132,175,0.21568973574607875,False,1.0
133,176,0.026764840885186984,False,0.0
134,177,0.012131919081232328,False,0.0
135,178,0.012144369287740799,False,0.0
136,179,0.8791425473665232,True,1.0
137,182,0.0017466863987380217,False,0.0
138,183,0.0367933455339498,False,0.0
139,184,0.013517013984192684,False,0.0
140,190,0.9343143717500729,True,1.0
141,192,0.004622642879982513,False,0.0
142,193,0.0020044562090959775,False,0.0
143,194,0.018327862078645143,False,0.0
144,195,0.008595755871772127,False,0.0
145,197,0.013350543100263445,False,0.0
146,198,0.0029774475942883362,False,0.0
147,199,0.004641011106776299,False,0.0
148,200,0.015649850245594638,False,0.0
149,201,0.06967131761585456,False,0.0
150,202,0.01387282127176738,False,0.0
151,204,0.00211523815958842,False,0.0
152,205,0.05534775248341455,False,0.0
153,206,0.014956106232850907,False,0.0
154,207,0.07781223704291469,False,0.0
155,208,0.004751458725526209,False,0.0
156,211,0.004886097787574217,False,0.0
157,214,0.02983650842087463,False,0.0
158,215,0.008425933201343815,False,0.0
159,216,0.07557074024920572,False,0.0
160,217,0.011806653848574104,False,0.0
161,218,0.012195735952977247,False,0.0
162,221,0.024867873243342463,False,0.0
163,223,0.01261883126581439,False,0.0
164,224,0.03365778851564644,False,0.0
165,226,0.00246713997663805,False,0.0
166,227,0.02542729889360088,False,0.0
167,228,0.02015847983400662,False,0.0
168,230,0.014586557470383352,False,0.0
169,231,0.009029195980020326,False,0.0
170,233,0.03235191322677871,False,0.0
171,235,0.9979084729017099,True,1.0
172,238,0.010582071401391101,False,0.0
173,239,0.0028899526906034077,False,0.0
174,240,0.041401849177754114,False,0.0
175,241,0.004744492019038763,False,0.0
176,242,0.006226889309077782,False,0.0
177,243,0.9590253609157571,True,1.0
178,244,0.010522088483457412,False,0.0
179,245,0.006063925967899581,False,0.0
180,246,0.23952855566953768,False,0.0
181,247,0.0103076875054305,False,0.0
182,248,0.9569827482616117,True,1.0
183,249,0.009455947469593445,False,0.0
184,250,0.007854517935761175,False,0.0
185,252,0.0007999351295376278,False,0.0
186,253,0.0008018299391262388,False,0.0
187,254,0.0013271046450508623,False,0.0
188,256,0.0020177002701757263,False,0.0
189,258,0.0003093874968779337,False,0.0
190,259,0.0009358496477404859,False,0.0
191,260,0.007562825543254286,False,0.0
192,261,0.8987297116180895,True,1.0
193,262,0.00048534442263122794,False,0.0
194,264,0.020999970956987902,False,0.0
195,267,0.03008965318516837,False,0.0
196,269,0.010209607990077503,False,0.0
197,270,0.0008318287576998382,False,0.0
198,271,0.0022142520315235137,False,0.0
199,273,0.006221920060858362,False,0.0
200,274,0.03977335364820845,False,0.0
201,275,0.006979775833510823,False,0.0
202,277,0.050254233919880105,False,0.0
203,281,0.03403670187144291,False,0.0
204,282,0.9115367637110076,True,1.0
205,283,0.7451151010187339,True,1.0
206,284,0.06938749807249767,False,0.0
207,286,0.04063075846712823,False,0.0
208,287,0.0076806189285806275,False,0.0
209,288,0.01744478053559563,False,0.0
210,291,0.9305970340041065,True,1.0
211,292,0.014145542461120025,False,0.0
212,293,0.008710424700403237,False,0.0
213,296,0.019976350029661506,False,0.0
214,297,0.8593228768578683,True,1.0
215,298,0.0052210771616647755,False,0.0
216,299,0.3547830498192968,False,1.0
217,300,0.012422877060002516,False,1.0
218,302,0.02149180400801043,False,0.0
219,303,0.00500355932280447,False,0.0
220,304,0.003558990045400725,False,0.0
221,305,0.014860792566811115,False,0.0
222,306,0.001016935483201128,False,0.0
223,307,0.0005537710920897655,False,0.0
224,308,0.0017431871337120178,False,0.0
225,309,0.002850353743394111,False,0.0
226,311,0.011570639986418463,False,0.0
227,312,0.011665036512966052,False,0.0
228,314,0.022713725175080576,False,0.0
229,315,0.8759036480828557,True,1.0
230,316,0.004539674307751038,False,0.0
231,319,0.006032344929581235,False,0.0
232,321,0.011386804376121117,False,0.0
233,323,0.0009634454170965793,False,0.0
234,325,0.9234325602782278,True,1.0
235,327,0.0013381919339395612,False,0.0
236,328,0.29429322074638786,False,1.0
237,329,0.04367504619118154,False,0.0
238,330,0.00995005370217339,False,0.0
239,331,0.882234465616357,True,1.0
240,332,0.004085033265585994,False,0.0
241,333,0.005831330242746029,False,0.0
242,334,0.047014486050220725,False,0.0
243,335,0.022611267054082056,False,0.0
244,336,0.01077068039803359,False,0.0
245,337,0.017254324275021198,False,0.0
246,338,0.0016363192694212692,False,0.0
247,339,0.008257362360545875,False,0.0
248,340,0.007041836147820994,False,0.0
249,341,0.011284660027077134,False,0.0
250,342,0.8772596039622403,True,1.0
251,343,0.0026319594759616053,False,0.0
252,346,0.019282227267436197,False,0.0
253,347,0.019159925463163044,False,0.0
254,349,0.0037747258599736115,False,0.0
255,350,0.002899971425030433,False,0.0
256,351,0.015732975270710988,False,0.0
257,352,0.00038236929694492657,False,0.0
258,353,0.01778340624027724,False,0.0
259,355,0.1395451937306957,False,1.0
260,359,0.04532911973497211,False,0.0
261,361,0.0036035446952130956,False,0.0
262,362,0.018257827237803333,False,0.0
263,363,0.028518267691309714,False,0.0
264,364,0.9624205873074286,True,1.0
265,366,0.018532169579650724,False,0.0
266,367,0.006629264043406354,False,0.0
267,369,0.0020015945621455005,False,0.0
268,372,0.0022268110044350127,False,0.0
269,373,0.0023148506570249455,False,0.0
270,374,0.0025260195708223876,False,0.0
271,376,0.06275436814950601,False,1.0
272,377,0.0012174899571467917,False,0.0
273,378,0.002288515888122469,False,0.0
274,379,0.038003589507831545,False,0.0
275,380,0.0002633760101982841,False,0.0
276,381,0.001512883964609087,False,0.0
277,382,0.022604091358830763,False,0.0
278,384,0.0030786144966514968,False,0.0
279,385,0.0029077644423881003,False,0.0
280,386,0.002093160961019302,False,0.0
281,387,0.001642479944924379,False,0.0
282,388,0.015617986936873907,False,0.0
283,389,0.04029983054509716,False,0.0
284,390,0.038344541790789145,False,0.0
285,391,0.0005513788180090702,False,0.0
286,392,0.9909493842593504,True,1.0
287,393,0.0010055540227032298,False,0.0
288,394,0.9549445453841399,True,1.0
289,395,0.0011361970222450277,False,0.0
290,396,0.009027177141113783,False,0.0
291,397,0.020395960157308556,False,0.0
292,399,0.1271049247810478,False,0.0
293,401,0.9572883105559232,True,1.0
294,403,0.07149271030880777,False,0.0
295,404,0.02481534170802971,False,0.0
296,405,0.9293333910278261,True,1.0
297,406,0.018021564975285717,False,0.0
298,407,0.014586724727291589,False,0.0
299,408,0.0055768479587434,False,0.0
300,410,0.0007102445049343815,False,0.0
301,411,0.9728199263347912,True,0.0
302,412,0.011652305998621975,False,0.0
303,416,0.02909435187953957,False,0.0
304,417,0.0020761744534257124,False,0.0
305,419,0.0007876893461910354,False,0.0
306,420,0.012332368147957936,False,0.0
307,421,0.0047490501046343935,False,0.0
308,422,0.0015876949089759888,False,0.0
309,423,0.011094978948897515,False,0.0
310,424,0.0636310502412123,False,0.0
311,425,0.012211194237875162,False,0.0
312,426,0.013017799009821978,False,0.0
313,428,0.03377218133983438,False,0.0
314,429,0.0007514088485834398,False,0.0
315,430,0.0037387787862170033,False,0.0
316,431,0.01008066874150228,False,0.0
317,433,0.009304977394618979,False,1.0
318,434,0.07623465693200508,False,0.0
319,436,0.023852554474091937,False,0.0
320,437,0.06987671398163044,False,0.0
321,438,0.005269764996732957,False,0.0
322,439,0.03183237100987341,False,0.0
323,440,0.9718862033253968,True,1.0
324,441,0.0013449975142981881,False,0.0
325,442,0.012295649467351791,False,0.0
326,444,0.005178468662471833,False,0.0
327,445,0.7952490145936846,True,1.0
328,446,0.01124903129933679,False,0.0
329,447,0.000711798768158114,False,0.0
330,448,0.004987647159688509,False,0.0
331,449,0.004946480826859157,False,0.0
332,450,0.013172745827805372,False,0.0
333,451,0.20584302034045968,False,0.0
334,452,0.0011944689795666318,False,0.0
335,453,0.03581515602387922,False,0.0
336,454,0.9623304227707161,True,1.0
337,455,0.02461509600825947,False,0.0
338,456,0.0005454611657399439,False,0.0
339,458,0.0010678639841697878,False,0.0
340,460,0.004799061238004341,False,0.0
341,461,0.00014021829141566363,False,0.0
342,462,0.021400069963982565,False,0.0
343,463,0.03137105638413004,False,0.0
344,464,0.0012364643706722978,False,0.0
345,465,0.0008784055346504689,False,0.0
346,466,0.02869894812544171,False,0.0
347,467,0.054939115061255206,False,0.0
348,468,0.0051100894747093265,False,0.0
349,469,0.001216324399345522,False,0.0
350,470,0.036815299234250344,False,0.0
351,471,0.0028551891460475787,False,0.0
352,473,0.01560046091820722,False,0.0
353,474,0.01947495784231674,False,0.0
354,475,0.1192943233614451,False,0.0
355,476,0.0037170447003365813,False,0.0
356,477,0.001123855384852918,False,0.0
357,478,0.9975847869317053,True,1.0
358,479,0.0010857083756630182,False,0.0
359,481,0.03628330735684732,False,0.0
360,482,0.0010662795868755044,False,0.0
361,483,0.009167660814158624,False,0.0
362,484,0.03200059828484631,False,0.0
363,485,0.9900145281054119,True,1.0
364,486,0.006150790626167348,False,0.0
365,487,0.0018885829844870106,False,0.0
366,488,0.8590305646244573,True,1.0
367,491,0.08357027030896068,False,0.0
368,492,0.9230945952206235,True,1.0
369,493,0.13520698313256724,False,0.0
370,494,0.887284723428015,True,1.0
371,495,0.016983505700720745,False,0.0
372,496,0.004227239911293109,False,0.0
373,497,0.0011620187489299655,False,0.0
374,498,0.012809429906784483,False,0.0
375,499,0.002700345912726932,False,0.0
376,500,0.017223270340120857,False,0.0
377,501,0.00020203521182416952,False,0.0
378,502,0.878952238704905,True,1.0
379,505,0.000828335827419229,False,0.0
380,507,0.02342153883945804,False,0.0
381,508,0.04619100610015139,False,0.0
382,510,0.8271435053638915,True,1.0
383,511,0.015994041888118506,False,0.0
384,513,0.021892426226818505,False,0.0
385,514,0.9959075123882297,True,1.0
386,515,0.001958235898097112,False,0.0
387,516,0.0007015906686610771,False,0.0
388,517,0.0008666192286810819,False,0.0
389,518,0.02833794662016224,False,0.0
390,520,0.0010825711824443479,False,0.0
391,521,0.0020575973300888117,False,0.0
392,522,0.0015907578196472764,False,0.0
393,523,0.00962478439599288,False,0.0
394,524,0.0029389555864995855,False,0.0
395,525,0.01935288543482366,False,0.0
396,526,0.0017665178187782897,False,0.0
397,527,0.023641381864857636,False,0.0
398,529,0.0009349126667375891,False,0.0
399,530,0.006864168197662369,False,0.0
400,531,0.0006481246329436522,False,0.0
401,532,0.04993606322066444,False,0.0
402,533,0.006663436970484667,False,0.0
403,534,0.022069869809646973,False,0.0
404,536,0.14584044977706886,False,0.0
405,538,0.8419808406526603,True,1.0
406,543,0.02146395516232353,False,0.0
407,544,0.0006422424043231824,False,0.0
408,546,0.0011060093113224878,False,0.0
409,547,0.0025405926988970222,False,0.0
410,548,0.0010277780014716147,False,0.0
411,549,0.007367820581465054,False,0.0
412,550,0.0036828056285107807,False,0.0
413,551,0.007676455710495505,False,0.0
414,554,0.9538806862082391,True,1.0
415,555,0.8940437220654023,True,1.0
416,556,0.03084216122681329,False,0.0
417,558,9.936995819057734e-05,False,0.0
418,560,0.005037390111080955,False,0.0
419,562,0.01361862474596363,False,0.0
420,564,0.014822747896765708,False,0.0
421,565,0.8390416151040053,True,1.0
422,566,0.4647757441793915,False,1.0
423,567,0.03055409569231211,False,0.0
424,568,0.003788370293437158,False,0.0
425,569,0.001672965634889972,False,0.0
426,571,0.00975189146121115,False,0.0
427,573,0.01393951857115872,False,0.0
428,574,0.007090313744322275,False,0.0
429,575,0.009057432590844969,False,0.0
430,577,0.01580253226891205,False,0.0
431,578,0.0030032103503918745,False,0.0
432,579,0.0013650655520561098,False,0.0
433,580,0.017501593152584264,False,0.0
434,581,0.0058626803421863135,False,0.0
435,582,0.033740042164251374,False,1.0
436,584,0.8598766542613178,True,1.0
437,585,0.029938922591638478,False,0.0
438,586,0.020254405095763133,False,0.0
439,587,0.981738418343657,True,1.0
440,590,0.9254783777654452,True,1.0
441,591,0.025055617427898785,False,0.0
442,592,0.03886142355429541,False,0.0
443,593,0.9400695135044395,True,1.0
444,595,0.00844053381737729,False,0.0
445,597,0.02130434401116979,False,0.0
446,599,0.0010742468327899718,False,0.0
447,600,0.03478677533344161,False,0.0
448,601,0.0009826164662126737,False,0.0
449,602,0.0164444889886885,False,0.0
450,604,0.03402968501623433,False,0.0
451,605,0.03400200248994934,False,0.0
452,606,0.0028736443508596,False,0.0
453,608,0.34379425825348436,False,1.0
454,611,0.0072649163267509585,False,0.0
455,612,0.001922617097242241,False,0.0
456,613,0.0024572985592166197,False,0.0
457,614,0.9999469774217736,True,1.0
458,615,0.015219046308587116,False,0.0
459,616,0.006969580654720193,False,0.0
460,618,0.05489584551799454,False,0.0
461,620,0.023827906304225082,False,0.0
462,621,0.02645874653466972,False,0.0
463,622,0.997672443901839,True,1.0
464,623,0.004887683836462136,False,0.0
465,624,0.08600080078512966,False,0.0
466,625,0.0029022770583494975,False,0.0
467,626,0.012390917334218621,False,0.0
468,630,0.0065881838649908524,False,0.0
469,631,0.5909584338453199,True,1.0
470,632,0.030259162670741607,False,0.0
471,634,0.003988285840618213,False,0.0
472,635,0.002218718592632918,False,0.0
473,638,0.0007147334661287996,False,0.0
474,639,0.036121279692132705,False,0.0
475,641,0.01659558842208747,False,0.0
476,643,0.07471164683258373,False,0.0
477,644,0.06651101773461239,False,0.0
478,645,0.016720215988274376,False,0.0
479,647,0.8968738813159176,True,1.0
480,648,0.9625613323415555,True,1.0
481,649,0.003260964496504386,False,0.0
482,650,0.8315495769522844,True,1.0
483,652,0.010984619681000911,False,0.0
484,653,0.019825442379584685,False,0.0
485,655,0.0003689485544430422,False,0.0
486,656,0.09958282858976225,False,0.0
487,657,0.030244824132464203,False,0.0
488,659,0.001122561867729074,False,0.0
489,661,0.0006468314180047811,False,0.0
490,662,0.017135731621969155,False,0.0
491,663,0.006117526685641584,False,0.0
492,664,0.0030183836432820647,False,0.0
493,665,0.0053678917007880045,False,0.0
494,666,0.11599777763904608,False,0.0
495,667,0.0006125796190667516,False,1.0
496,669,0.03684049067627206,False,0.0
497,671,0.00553468350116202,False,0.0
498,675,0.0020531542935019477,False,0.0
499,677,0.002484832816558847,False,0.0
500,679,0.0028417751978256035,False,0.0
501,680,0.014377707602564344,False,0.0
502,682,0.041559395296638775,False,0.0
503,683,0.0186422618491507,False,0.0
504,684,0.8851933336644057,True,1.0
505,686,0.013579581726208023,False,0.0
506,689,0.03114328903660593,False,0.0
507,690,0.004701917719855772,False,0.0
508,691,0.004704900863125632,False,0.0
509,692,0.001859557604269727,False,0.0
510,698,0.03879901741798501,False,0.0
511,699,0.024017341906073627,False,0.0
512,700,0.015250962853828043,False,0.0
513,701,0.9576769417394279,True,1.0
514,702,0.8675674498302096,True,1.0
515,704,0.006399716504288757,False,0.0
516,705,0.0597775136242752,False,0.0
517,707,0.001184471364714785,False,0.0
518,709,0.002298157033186644,False,0.0
519,710,0.004855823461931785,False,0.0
520,712,0.001656562817250402,False,0.0
521,714,0.0005760739141265002,False,0.0
522,715,0.01885943806903289,False,0.0
523,716,0.03285292026958841,False,0.0
524,717,0.020525861778867536,False,0.0
525,720,0.9141975446083608,True,1.0
526,721,0.0026743651080630045,False,0.0
527,722,0.011215506375930905,False,0.0
528,723,0.8356291616943667,True,1.0
529,724,0.0006764020748706868,False,0.0
530,725,0.008658578510139505,False,0.0
531,727,0.0015671016734484773,False,0.0
532,728,0.0169864296196538,False,0.0
533,729,0.01696768358342073,False,0.0
534,730,0.00016989438729423024,False,0.0
535,731,0.005138991335414134,False,0.0
536,732,0.035707084295317944,False,0.0
537,733,0.019115682467114082,False,0.0
538,734,0.0006912711155095978,False,0.0
539,738,0.007647668611823651,False,0.0
540,741,0.972955902302407,True,1.0
541,742,0.009111474251915863,False,0.0
542,743,0.039349530887773015,False,0.0
543,744,0.03941063623570143,False,0.0
544,746,0.05434010553251846,False,0.0
545,747,0.054599832901660095,False,0.0
546,749,0.12692870025650801,False,0.0
547,752,0.7919059777092329,True,1.0
548,754,0.007295660235468715,False,0.0
549,757,0.006649330881039463,False,0.0
550,758,0.013594382887294462,False,0.0
551,760,0.007082517482375665,False,0.0
552,762,0.049050689070686763,False,0.0
553,763,0.014428315438625348,False,0.0
554,764,0.02284543334290221,False,0.0
555,766,0.024716995052449914,False,0.0
556,769,0.0009778553222816867,False,0.0
557,771,0.018626899738194994,False,0.0
558,772,0.07018698134565714,False,0.0
559,773,0.05449868748255985,False,0.0
560,775,0.009587592685080335,False,0.0
561,776,0.003454128966042163,False,0.0
562,780,0.9178511532050772,True,1.0
563,781,0.00314011163500338,False,0.0
564,783,0.013502236792182416,False,0.0
565,784,0.04025932640804475,False,0.0
566,785,0.9133091377552984,True,1.0
567,786,0.0014592422401962571,False,0.0
568,787,0.9223045977089981,True,1.0
569,789,0.012124574867556949,False,0.0
570,791,0.0022419533930080997,False,0.0
571,792,0.09059633900554097,False,0.0
572,793,0.06316976235405065,False,0.0
573,796,0.8882177934072187,True,1.0
574,797,0.002162419887558359,False,0.0
575,799,0.041684631690368804,False,0.0
576,800,0.0006544250593289151,False,0.0
577,802,0.002869721378179128,False,0.0
578,803,0.018457572465006084,False,0.0
579,804,0.01833910514726644,False,0.0
580,805,0.007062411881463173,False,0.0
581,806,0.00222952162827562,False,0.0
582,807,0.0007569921061229714,False,0.0
583,808,0.03692667977459933,False,0.0
584,809,0.00458648705738509,False,0.0
585,811,0.9660709172021194,True,1.0
586,812,0.026443821489989156,False,0.0
587,813,0.002660387790141445,False,0.0
588,815,0.0028225947510123733,False,0.0
589,816,0.9483827125557137,True,1.0
590,817,0.0019239553419459364,False,0.0
591,819,0.956967689410273,True,1.0
592,820,0.005058527075474821,False,0.0
593,823,0.0069185964906465875,False,0.0
594,824,0.0025207030359780777,False,0.0
595,825,0.9519718769897915,True,1.0
596,826,0.000962521845803705,False,0.0
597,827,0.0018247994279985752,False,0.0
598,828,0.7621050463932051,True,1.0
599,829,0.013097548356876139,False,0.0
600,830,0.001198549532691585,False,0.0
601,832,0.6610913304613515,True,0.0
602,833,0.043569618874081346,False,0.0
603,834,0.017112392296534138,False,0.0
604,836,0.002636113709888179,False,0.0
605,837,0.007625447301863075,False,0.0
606,838,0.023980999370556616,False,0.0
607,840,0.831480566357924,True,1.0
608,842,0.7633458511378552,True,1.0
609,843,0.0008210164299107663,False,0.0
610,844,0.00130166859099119,False,0.0
611,845,0.006262203500155858,False,0.0
612,846,0.03750321545104291,False,0.0
613,847,0.0015158178503809207,False,0.0
614,848,0.19828054116252822,False,1.0
615,850,0.0029479885283330283,False,0.0
616,851,0.004084385753469575,False,0.0
617,852,0.005433840446901804,False,0.0
618,854,0.2086497010937612,False,0.0
619,855,0.0015756144107500723,False,0.0
620,856,0.025543394857538725,False,0.0
621,857,0.02300292512869653,False,0.0
622,859,0.014371492923609713,False,0.0
623,861,0.015454509283481029,False,0.0
624,862,0.028559864882920248,False,0.0
625,864,0.010739422385596798,False,0.0
626,865,0.004340226638166956,False,0.0
627,867,0.003297297865322254,False,0.0
628,868,0.005975359893913703,False,0.0
629,869,0.0028835675501948112,False,0.0
630,872,0.04043084845203782,False,0.0
631,874,0.015605846403991644,False,0.0
632,875,0.04652660783173056,False,0.0
633,878,0.006317835271489893,False,0.0
634,879,0.017218255107258773,False,0.0
635,880,0.0005010406836950418,False,0.0
636,881,0.9531021842520028,True,1.0
637,882,0.00022711805104327923,False,0.0
638,885,0.0255206813325854,False,0.0
639,887,0.00479662824444678,False,0.0
640,888,0.0012416338393285938,False,0.0
641,889,0.009664994318511075,False,0.0
642,893,0.005614986578520419,False,0.0
643,894,0.0007187401937124082,False,0.0
644,895,0.018186809866505744,False,0.0
645,896,0.8612164686578236,True,1.0
646,897,0.006177768891371994,False,0.0
647,899,0.021007526031493393,False,0.0
648,900,0.00313759577627221,False,0.0
649,901,0.006866552275997788,False,0.0
650,902,0.0007292159957465823,False,0.0
651,903,0.04139218008578182,False,0.0
652,904,0.08561659626471932,False,0.0
653,905,0.00673672418366019,False,0.0
654,909,0.006803515960486925,False,0.0
655,910,0.8552724805698196,True,0.0
656,911,0.9970013855852822,True,1.0
657,912,0.02671165870396049,False,0.0
658,913,0.02661446022832506,False,0.0
659,916,0.04343221241786518,False,0.0
660,918,0.7917892885929602,True,1.0
661,920,0.03051769258152929,False,0.0
662,922,0.8759545233474485,True,1.0
663,923,0.8441794527148258,True,1.0
664,924,0.016761307552821236,False,0.0
665,925,0.06067871950034931,False,0.0
666,926,0.010953912589565082,False,1.0
667,927,0.04894947618193005,False,1.0
668,930,0.03710630054405953,False,0.0
669,932,0.876777278494633,True,1.0
670,933,0.016490662256776985,False,0.0
671,934,0.03792442459578173,False,0.0
672,936,0.01960349846811794,False,0.0
673,939,0.939359421763456,True,0.0
674,940,0.008418852360164526,False,0.0
675,941,0.056297238904686124,False,0.0
676,942,0.0072568668015824435,False,0.0
677,944,0.013896417721311033,False,0.0
678,945,0.01978585359448761,False,0.0
679,947,0.006523382226760652,False,0.0
680,949,0.001276897308683938,False,0.0
681,950,0.000326592199277398,False,0.0
682,951,0.005055318583351343,False,0.0
683,952,0.9829021873170294,True,1.0
684,954,0.14709689520609437,False,0.0
685,956,0.01944595187554887,False,0.0
686,957,0.0028248002516726447,False,0.0
687,958,0.0011806604410128266,False,0.0
688,959,0.9986627850024995,True,1.0
689,960,0.9683976863320541,True,1.0
690,961,0.029142056395168245,False,0.0
691,964,0.08924669031394675,False,0.0
692,966,0.004303757994274194,False,0.0
693,967,0.8690958418174659,True,1.0
694,969,0.0024206429291062296,False,0.0
695,970,0.9571092041063359,True,1.0
696,972,0.0007956166807700289,False,0.0
697,974,0.05565176125659391,False,0.0
698,975,0.02332360501354746,False,0.0
699,976,0.005874034239603199,False,0.0
700,977,0.0631276402872351,False,1.0
701,981,0.007674876107625101,False,0.0
702,982,0.10215571134500501,False,0.0
703,983,0.02057262907086697,False,0.0
704,984,0.0040593950763682446,False,0.0
705,985,0.0057882958414969985,False,0.0
706,986,0.8569871357887582,True,1.0
707,987,0.010796198876792507,False,0.0
708,990,0.0021834406804053406,False,0.0
709,991,0.9936833527998896,True,1.0
710,992,0.03778119306509224,False,0.0
711,994,0.9845308675308374,True,1.0
712,995,0.023016211237541374,False,0.0
713,996,0.0005008324010784319,False,0.0
714,997,0.0019749487873041054,False,0.0
715,998,0.012250624458913038,False,0.0
716,999,0.0008876822514578287,False,0.0
717,1001,0.04826629819510753,False,0.0
718,1002,0.010701136181225642,False,0.0
719,1003,0.026661139809640404,False,0.0
720,1004,0.8130757407270999,True,1.0
721,1005,0.003313014642549212,False,0.0
722,1006,0.008769527652628192,False,0.0
723,1007,0.004062634536791707,False,0.0
724,1009,0.001607847739047457,False,0.0
725,1010,0.9232060035533121,True,1.0
726,1011,0.0011174092999423153,False,0.0
727,1012,0.02438083818613288,False,0.0
728,1013,0.015834182643284237,False,0.0
729,1014,0.02268713364997941,False,0.0
730,1015,0.0003839959927661745,False,0.0
731,1016,0.9915987583793018,True,1.0
732,1017,0.8076358563719357,True,1.0
733,1018,0.0002813479940899688,False,0.0
734,1019,0.06259233307549919,False,0.0
735,1022,0.007421920991417486,False,0.0
736,1024,0.004027091218278169,False,0.0
737,1025,0.0024626344934560586,False,0.0
738,1026,0.0037098659730249177,False,0.0
739,1027,0.0007784504588376221,False,0.0
740,1028,0.0031787443281076568,False,0.0
741,1029,0.0009676582827124262,False,0.0
742,1030,0.01951029812886128,False,0.0
743,1032,0.0017353926404238224,False,0.0
744,1033,0.963101388595295,True,1.0
745,1034,0.024477055632532926,False,0.0
746,1035,0.0006237473555218906,False,0.0
747,1036,0.0528146733743008,False,0.0
748,1037,0.9248963240383009,True,1.0
749,1038,0.7354368797749489,True,1.0
750,1039,0.006350150699812493,False,0.0
751,1040,0.0004259249466229475,False,0.0
752,1042,0.9230791034556013,True,1.0
753,1043,0.005252149732209783,False,0.0
754,1044,0.008999294069483887,False,0.0
755,1045,0.015297146116248538,False,0.0
756,1046,0.02689856667931951,False,0.0
757,1047,0.03431905316920458,False,0.0
758,1048,0.002353856029572619,False,0.0
759,1049,0.046423091337058846,False,0.0
760,1050,0.033415200026123665,False,0.0
761,1052,0.0731335223079798,False,1.0
762,1053,0.9664387801117875,True,1.0
763,1055,0.8417253515732279,True,0.0
764,1056,0.024494288360035123,False,0.0
765,1060,0.006167236056981554,False,0.0
766,1061,0.024137770970710886,False,0.0
767,1062,0.017696189892148922,False,0.0
768,1066,0.019439687197510366,False,0.0
769,1068,0.002579004531516754,False,0.0
770,1069,0.0011344568011733753,False,0.0
771,1070,0.20826782073200278,False,0.0
772,1071,0.022038624243736028,False,0.0
773,1073,0.07904212556028493,False,0.0
774,1074,0.016677956230177482,False,0.0
775,1076,0.006183495315143006,False,0.0
776,1077,0.9798244964949219,True,1.0
777,1079,0.9976694163367356,True,1.0
778,1080,0.0050520885867665535,False,0.0
779,1081,0.9510853127085381,True,1.0
780,1082,0.9210337217985898,True,1.0
781,1083,0.07305732452436482,False,0.0
782,1084,0.03610776730970004,False,0.0
783,1085,0.0004542705203868068,False,0.0
784,1088,0.008001954165415628,False,0.0
785,1092,0.028794219538850134,False,0.0
786,1094,0.01748324958195165,False,0.0
787,1096,0.0008945233214839257,False,0.0
788,1097,0.002941812354414061,False,0.0
789,1098,0.8550260022322239,True,1.0
790,1099,0.0013159390252331711,False,0.0
791,1100,0.9443194729762219,True,1.0
792,1101,0.8743688527078549,True,1.0
793,1102,0.020717099462163335,False,0.0
794,1103,0.0057893809720363865,False,0.0
795,1105,0.004831427391396144,False,0.0
796,1106,0.10993349155531647,False,1.0
797,1107,0.33275554259215145,False,1.0
798,1108,0.997376091041685,True,1.0
799,1109,0.0033393695199354177,False,0.0
800,1111,0.9437101034691637,True,1.0
801,1113,0.8742920874456654,True,1.0
802,1114,0.005653806228300625,False,0.0
803,1115,0.00030560067423659754,False,0.0
804,1116,0.00038082598117632004,False,0.0
805,1117,0.0007178874435366906,False,0.0
806,1118,0.018227376937056335,False,0.0
807,1119,0.00711000439187868,False,0.0
808,1120,0.0058605514181035625,False,0.0
809,1121,0.0068844476442573585,False,0.0
810,1124,0.0032095006828064434,False,0.0
811,1125,0.023749847263218965,False,0.0
812,1126,0.0047545166235678,False,0.0
813,1127,0.869786791050638,True,1.0
814,1128,0.023303230959517647,False,0.0
815,1131,0.06515846403828332,False,0.0
816,1132,0.010827626919547853,False,0.0
817,1133,0.003565163296753545,False,0.0
818,1135,0.0778025982218149,False,0.0
819,1136,0.0041818731919171645,False,0.0
820,1137,0.009519270227620762,False,0.0
821,1138,0.028397251035148053,False,0.0
822,1140,0.010852136184209103,False,0.0
823,1143,0.0007061311242409952,False,0.0
824,1148,0.025901933717562886,False,0.0
825,1150,0.015094683984949769,False,0.0
826,1152,0.00296137011446757,False,0.0
827,1154,0.0896234921078799,False,0.0
828,1156,0.07878156777129283,False,1.0
829,1157,0.8795166199592369,True,1.0
830,1158,0.07393508107585833,False,0.0
831,1160,0.706689225266942,True,1.0
832,1161,0.0032464555972436153,False,0.0
833,1162,0.0005979757328470013,False,0.0
834,1163,0.003732933272888502,False,0.0
835,1164,0.02660404629651351,False,0.0
836,1165,0.9246111994553002,True,1.0
837,1166,0.0017323026545056595,False,0.0
838,1167,0.02975386372155776,False,1.0
839,1171,0.007985296726279472,False,0.0
840,1172,0.004251014005859053,False,0.0
841,1173,0.0660531033149889,False,0.0
842,1175,0.8428590500139055,True,1.0
843,1177,0.0023424792708389994,False,0.0
844,1179,0.10707635229093981,False,0.0
845,1180,0.009695410604193882,False,0.0
846,1182,0.008706469135780125,False,0.0
847,1184,0.0013447081148439078,False,0.0
848,1185,0.0033149314097535403,False,0.0
849,1188,0.985109146509698,True,1.0
850,1190,0.0052350679792151885,False,0.0
851,1191,0.06431076437981663,False,0.0
852,1192,0.010157984894485024,False,0.0
853,1193,0.060336005544875795,False,0.0
854,1195,0.03154361533974451,False,0.0
855,1196,0.0013850563253046304,False,0.0
856,1198,0.076837221751143,False,0.0
857,1200,0.6980244699057073,True,1.0
858,1201,0.000501396839319447,False,0.0
859,1202,0.07770477200895301,False,0.0
860,1203,0.9210810143038743,True,1.0
861,1204,0.0033929896702855748,False,0.0
862,1206,0.024464024766996658,False,0.0
863,1207,0.0044759299230411245,False,0.0
864,1210,0.9417103750823712,True,1.0
865,1211,0.03921827563796884,False,0.0
866,1212,0.023064189604632652,False,0.0
867,1215,0.0007649592309531695,False,0.0
868,1216,0.034946138963225626,False,0.0
869,1217,0.013514531084019971,False,0.0
870,1218,0.03897028754631937,False,0.0
871,1219,0.9533707465789862,True,1.0
872,1220,0.14198349930614645,False,0.0
873,1221,0.002220981932377816,False,0.0
874,1224,0.008339585730416415,False,0.0
875,1225,0.0025590994935764805,False,0.0
876,1226,0.03665314423487163,False,0.0
877,1228,0.006280479598785484,False,0.0
878,1231,0.005341600164209996,False,0.0
879,1233,0.0011359466935976078,False,0.0
880,1234,0.10655810980384907,False,0.0
881,1235,0.006159248413189294,False,0.0
882,1237,0.026741756429739444,False,0.0
883,1238,0.0006386141455560334,False,0.0
884,1239,0.019265629492010952,False,0.0
885,1240,0.005067333323235695,False,0.0
886,1241,0.017000151729928286,False,0.0
887,1242,0.05433029508580777,False,0.0
888,1243,0.04836346814328091,False,0.0
889,1244,0.04357519351067659,False,0.0
890,1245,0.22635426140641848,False,0.0
891,1246,0.02473754828667718,False,0.0
892,1248,0.9927895382564109,True,1.0
893,1249,0.0012687313132351808,False,0.0
894,1250,0.0009689557329627796,False,0.0
895,1251,0.025514344558514326,False,0.0
896,1252,0.017124699532570505,False,0.0
897,1254,0.010703167772480517,False,0.0
898,1255,0.0007930996666698703,False,0.0
899,1256,0.007213535706312395,False,0.0
900,1257,0.002492015292474987,False,0.0
901,1258,0.025602961252232985,False,0.0
902,1259,0.003114279744772808,False,0.0
903,1260,0.0103584513218384,False,0.0
904,1263,0.0009420135897211494,False,0.0
905,1264,0.0001142586693782427,False,0.0
906,1265,0.01869733690066544,False,0.0
907,1267,0.004218560156945061,False,0.0
908,1268,0.011783529797211376,False,0.0
909,1269,0.04040162220726111,False,0.0
910,1270,0.0031875926382392795,False,0.0
911,1273,0.9978511952864327,True,1.0
912,1275,0.06256605717946137,False,0.0
913,1277,0.8862165736000891,True,1.0
914,1278,0.004695990183039827,False,0.0
915,1279,0.9604685791480134,True,1.0
916,1280,0.0024523658051814902,False,0.0
917,1281,0.19270004479374508,False,0.0
918,1282,0.017538155509663235,False,0.0
919,1283,0.012832970545762658,False,0.0
920,1285,0.008744415635990457,False,0.0
921,1286,0.17827573703875296,False,0.0
922,1288,0.0002332335816715807,False,0.0
923,1289,0.043562015422673205,False,0.0
924,1291,0.0029176337611658268,False,0.0
925,1292,0.033185323478282895,False,0.0
926,1293,0.008704762425049478,False,0.0
927,1294,0.009782114475810039,False,0.0
928,1295,0.70922356390604,True,1.0
929,1296,0.008802071910804033,False,0.0
930,1297,0.1037809652572431,False,0.0
931,1298,0.014818422620344917,False,0.0
932,1299,0.8709404641599047,True,1.0
933,1301,0.056705299129785815,False,0.0
934,1303,0.015119747007129059,False,0.0
935,1304,0.0021910469960319907,False,0.0
936,1306,0.012043774392412042,False,0.0
937,1307,0.0032503388833661066,False,0.0
938,1308,0.0433554946461846,False,0.0
939,1309,0.756869800154746,True,1.0
940,1310,0.806521690544453,True,1.0
941,1311,0.03300897805849535,False,0.0
942,1312,0.015733472082735817,False,0.0
943,1314,0.0057839419420543815,False,0.0
944,1315,0.010401527566912117,False,0.0
945,1317,0.0015268464496054923,False,0.0
946,1318,0.8853719252251964,True,1.0
947,1319,0.9396336905113744,True,1.0
948,1321,0.041207220212978325,False,0.0
949,1322,0.0054829771807489115,False,0.0
950,1324,0.02381527520601371,False,0.0
951,1329,0.018039846369799467,False,0.0
952,1331,0.9794284319135863,True,1.0
953,1333,0.02222292879344365,False,1.0
954,1334,0.00019244654356660834,False,0.0
955,1336,0.004416948580030243,False,0.0
956,1338,0.005456641295858011,False,0.0
957,1340,0.0025298047310274388,False,0.0
958,1344,0.07017829859242662,False,0.0
959,1346,0.0023564231613753136,False,0.0
960,1349,0.01003718288830558,False,0.0
961,1350,0.004040886222737522,False,0.0
962,1352,0.003153697429720433,False,0.0
963,1355,0.0007238490600544419,False,0.0
964,1356,0.006810684144666157,False,0.0
965,1358,0.011010628821167675,False,0.0
966,1360,0.8645859501864768,True,1.0
967,1361,0.0012773252111771417,False,0.0
968,1362,0.003184260905223485,False,0.0
969,1363,0.022255296183299685,False,0.0
970,1364,0.04620488495011704,False,0.0
971,1367,0.007406095179866693,False,0.0
972,1368,0.01469057156017871,False,0.0
973,1369,0.0010668522979453453,False,0.0
974,1371,0.005038677199170165,False,0.0
975,1372,0.911856491197531,True,1.0
976,1373,0.02340110042965569,False,0.0
977,1374,0.006410139902386645,False,0.0
978,1375,0.0010573203655931368,False,0.0
979,1377,0.059896831812119876,False,0.0
980,1379,0.8808729782110457,True,1.0
981,1380,0.8539587497794832,True,1.0
982,1382,0.001652579759979579,False,0.0
983,1383,0.003820769976380558,False,0.0
984,1387,0.026609535119862915,False,0.0
985,1389,0.8036611921623463,True,1.0
986,1390,0.03376855980121482,False,0.0
987,1391,0.04500265562854424,False,0.0
988,1392,0.019524770631453022,False,0.0
989,1394,0.004790261380236149,False,0.0
990,1395,0.032529954469358593,False,0.0
991,1396,0.019089252436308764,False,0.0
992,1397,0.00047308710279066375,False,0.0
993,1399,0.004326939427744977,False,0.0
994,1401,0.0027634158304416134,False,0.0
995,1402,0.005321890589621004,False,0.0
996,1403,0.018898945590580515,False,0.0
997,1405,0.9232418502644002,True,1.0
998,1407,0.010426501133332438,False,0.0
999,1408,0.0004895834539401295,False,0.0
1000,1409,0.25624210767233313,False,0.0
1001,1411,0.029041117655476175,False,0.0
1002,1412,0.06903257368185439,False,0.0
1003,1415,0.032179370483418436,False,0.0
1004,1417,0.008631679140204523,False,0.0
1005,1419,0.038259711740621566,False,0.0
1006,1420,0.9249836865729012,True,1.0
1007,1421,0.9495067262272436,True,1.0
1008,1422,0.010991300183607161,False,0.0
1009,1423,0.0007830750962050116,False,0.0
1010,1424,0.00024225967988838505,False,0.0
1011,1425,0.09381517454086288,False,0.0
1012,1427,0.9937468693806533,True,1.0
1013,1428,0.014737869781414038,False,0.0
1014,1430,0.02161612084406678,False,0.0
1015,1431,0.003307891762189327,False,0.0
1016,1433,0.9393894264643884,True,1.0
1017,1434,0.00674264133017662,False,0.0
1018,1435,0.002137299909948872,False,0.0
1019,1436,0.01293218441278623,False,0.0
1020,1438,0.005264553822244239,False,0.0
1021,1439,0.8820047490108801,True,1.0
1022,1440,0.041000091783144156,False,0.0
1023,1441,0.03268795882404465,False,0.0
1024,1443,0.0030155525673101454,False,0.0
1025,1445,0.004425308818058427,False,0.0
1026,1446,0.018014344718559696,False,0.0
1027,1447,0.024991600203442314,False,0.0
1028,1448,0.09891619747843107,False,0.0
1029,1449,0.0017272087049469273,False,0.0
1030,1453,0.007688407819770097,False,0.0
1031,1457,0.8511553973731018,True,1.0
1032,1458,0.9559529849951168,True,1.0
1033,1459,0.8425922825643749,True,1.0
1034,1460,0.014939997613331661,False,0.0
1035,1461,0.0070595456101324745,False,0.0
1036,1464,0.9474686563460002,True,1.0
1037,1465,0.33326744162639377,False,0.0
1038,1466,0.008889632330728888,False,0.0
1039,1467,0.9008726493641624,True,1.0
1040,1468,0.0004166554015591121,False,0.0
1041,1469,0.008125374361953012,False,0.0
1042,1471,0.003932162695639016,False,0.0
1043,1472,0.005336546177782621,False,0.0
1044,1473,0.002303623786288816,False,0.0
1045,1474,0.0005400730707002397,False,0.0
1046,1475,0.02690951456412108,False,0.0
1047,1477,0.022122920498362002,False,0.0
1048,1478,0.008809020469871899,False,0.0
1049,1479,0.038074564508140396,False,0.0
1050,1480,0.003124227399450316,False,0.0
1051,1481,0.04276364531230269,False,0.0
1052,1482,0.019910476255970973,False,0.0
1053,1483,0.0003955074193548635,False,0.0
1054,1484,0.004746317618135176,False,0.0
1055,1485,0.017571191031916317,False,0.0
1056,1486,0.8928928329185576,True,1.0
1057,1487,0.9987128512427791,True,1.0
1058,1489,0.4735389007365933,False,1.0
1059,1492,0.02770044853051267,False,0.0
1060,1494,0.9979907912948703,True,1.0
1061,1495,0.024449296695682316,False,0.0
1062,1496,0.05089326126773834,False,0.0
1063,1497,0.028401643690642103,False,0.0
1064,1499,0.004747975704323885,False,0.0
1065,1501,0.0018466738647108668,False,0.0
1066,1502,0.031464171470801966,False,0.0
1067,1503,0.056516497664101474,False,0.0
1068,1504,0.9509418901852762,True,1.0
1069,1506,0.16185370290788914,False,0.0
1070,1507,0.05782805977232712,False,0.0
1071,1509,0.013862065679356668,False,0.0
1072,1513,0.0010779588566009403,False,0.0
1073,1514,0.002696883272214316,False,0.0
1074,1515,0.34234642362037404,False,0.0
1075,1516,0.0009847825614233195,False,0.0
1076,1520,0.0016388926086941783,False,0.0
1077,1522,0.9636644444442577,True,1.0
1078,1523,0.0026532065012281484,False,0.0
1079,1525,0.002001940791675449,False,0.0
1080,1527,0.003626158523865703,False,0.0
1081,1529,0.021191294207083315,False,0.0
1082,1533,0.03127552808109925,False,0.0
1083,1534,0.9265067713392485,True,1.0
1084,1535,0.05286134117550505,False,0.0
1085,1537,0.9102020693890932,True,1.0
1086,1539,0.017633297726376836,False,0.0
1087,1541,0.5302005843052041,True,0.0
1088,1542,0.010854608351724786,False,0.0
1089,1543,0.03962977150706033,False,0.0
1090,1544,0.007209433667371427,False,0.0
1091,1545,0.008733292279114555,False,0.0
1092,1546,0.0008488726121770886,False,0.0
1093,1547,0.00548024098084069,False,0.0
1094,1548,0.0066939983569390465,False,0.0
1095,1549,0.007466232063464963,False,0.0
1096,1550,0.0304301758097737,False,0.0
1097,1551,0.5559281473692292,True,0.0
1098,1552,0.00018466176551739592,False,0.0
1099,1553,0.03680267905267418,False,0.0
1100,1554,0.001569592159625633,False,0.0
1101,1555,0.005354748101195063,False,0.0
1102,1556,0.0840733870287344,False,0.0
1103,1557,0.012933140562971977,False,0.0
1104,1558,0.0608799333733672,False,0.0
1105,1560,0.054588618279941215,False,0.0
1106,1562,0.7113198265757851,True,1.0
1107,1563,0.009809372056625474,False,0.0
1108,1564,0.00268151236693839,False,0.0
1109,1568,0.019106993471652636,False,0.0
1110,1569,0.946065257574878,True,1.0
1111,1572,0.8910735248945028,True,1.0
1112,1573,0.6967857174731078,True,1.0
1113,1574,0.0015930035062214712,False,0.0
1114,1576,0.11050716066111858,False,0.0
1115,1577,0.02778259224911371,False,0.0
1116,1578,0.003967986605333971,False,0.0
1117,1580,0.007657437979624849,False,0.0
1118,1581,0.016861149424382264,False,0.0
1119,1582,0.07428691840541972,False,0.0
1120,1583,0.008347327422622564,False,0.0
1121,1585,0.012126926917242514,False,0.0
1122,1586,0.03520232826761307,False,0.0
1123,1587,0.017231981933657804,False,0.0
1124,1588,0.033775199343236584,False,0.0
1125,1590,0.004048202528392007,False,0.0
1126,1591,0.018232415479514485,False,0.0
1127,1592,0.0038719016058725536,False,0.0
1128,1594,0.016952662982037525,False,0.0
1129,1595,0.0022470476707858794,False,0.0
1130,1596,0.002401311374122588,False,0.0
1131,1597,0.05941246445967175,False,0.0
1132,1598,0.005001287740405915,False,0.0
1133,1599,0.016333041323866045,False,0.0
1134,1601,0.007146933606942463,False,0.0
1135,1602,0.002942711367051849,False,0.0
1136,1604,0.9534836970692512,True,1.0
1137,1605,0.020893649996777727,False,0.0
1138,1606,0.0012937925694091069,False,0.0
1139,1607,0.0009771715998925185,False,0.0
1140,1608,0.0007485885677245894,False,0.0
1141,1609,0.009045476325191287,False,0.0
1142,1611,0.011898255918319455,False,0.0
1143,1612,0.09067406219367437,False,0.0
1144,1613,0.09320905528035439,False,0.0
1145,1614,0.025269272850519553,False,0.0
1146,1615,0.010755192621488118,False,0.0
1147,1617,0.016935072219713722,False,0.0
1148,1618,0.0055504201844786705,False,0.0
1149,1619,0.016688867800206505,False,0.0
1150,1621,0.0017502496222394756,False,0.0
1151,1622,0.020768507528697806,False,0.0
1152,1623,0.006305635445469895,False,0.0
1153,1624,0.9971081397227259,True,1.0
1154,1625,0.0014902092848969406,False,0.0
1155,1627,0.0011540939931641166,False,0.0
1156,1628,0.00957398867625483,False,0.0
1157,1630,0.00013434051807843174,False,0.0
1158,1631,0.025347264089716767,False,0.0
1159,1633,0.00857083800306197,False,0.0
1160,1635,0.002028479527021814,False,0.0
1161,1638,0.003764757673779412,False,0.0
1162,1639,0.9260798249567843,True,1.0
1163,1640,0.16666220110320154,False,0.0
1164,1641,0.03753159228851192,False,0.0
1165,1642,0.02606259677562909,False,0.0
1166,1644,0.00017981327756621043,False,0.0
1167,1645,0.9747975936528219,True,1.0
1168,1646,0.10038675402610464,False,0.0
1169,1647,0.015209178439247137,False,0.0
1170,1648,0.009134120310204741,False,0.0
1171,1649,0.8020040839242144,True,1.0
1172,1650,0.10389368738132673,False,0.0
1173,1651,0.0019911818560874313,False,0.0
1174,1653,0.0006207347533212785,False,0.0
1175,1654,0.019718483143592286,False,0.0
1176,1655,0.002419861581673644,False,0.0
1177,1656,0.0006681386669839355,False,0.0
1178,1657,0.0467538402509927,False,0.0
1179,1658,0.0007669072717149701,False,0.0
1180,1659,0.049235563879472116,False,0.0
1181,1661,0.0001795555160360357,False,0.0
1182,1662,0.00011096967131832465,False,0.0
1183,1664,0.0022218092611908423,False,0.0
1184,1665,0.0027069426349502546,False,0.0
1185,1666,0.001448062636083203,False,0.0
1186,1667,0.9197635686378831,True,1.0
1187,1668,0.0006387950082694298,False,0.0
1188,1669,0.016540156044620048,False,0.0
1189,1670,0.0008322880601331036,False,0.0
1190,1671,0.00035487199815749935,False,0.0
1191,1673,0.03769905319759785,False,0.0
1192,1674,0.09346900717218395,False,0.0
1193,1675,0.006492614384505126,False,0.0
1194,1676,0.0005666196663248459,False,0.0
1195,1677,0.03054758897369186,False,0.0
1196,1678,0.12395685853592261,False,0.0
1197,1680,0.03514596558928751,False,0.0
1198,1681,0.005725306075694401,False,0.0
1199,1682,0.01145705963544931,False,0.0
1200,1683,0.03944788885179942,False,0.0
1201,1684,0.8735847113237939,True,1.0
1202,1687,0.002305447871672476,False,0.0
1203,1689,0.006420811509144014,False,0.0
1204,1691,0.21410407759259523,False,1.0
1205,1692,0.9711054443179234,True,1.0
1206,1693,0.0015016856725019246,False,0.0
1207,1694,0.08461533646330766,False,0.0
1208,1696,0.0004770019322350008,False,0.0
1209,1697,0.000333373875128516,False,0.0
1210,1698,0.007147971711939032,False,0.0
1211,1700,0.0064389746267419215,False,0.0
1212,1701,0.004860771958561117,False,0.0
1213,1702,0.781434352809999,True,1.0
1214,1703,0.0081150267709435,False,0.0
1215,1704,0.025567052230878417,False,0.0
1216,1706,0.02490571388236147,False,0.0
1217,1707,0.0013244007581869697,False,0.0
1218,1708,0.055618270809343805,False,0.0
1219,1709,0.005033265789127785,False,0.0
1220,1710,0.016586032263509288,False,0.0
1221,1712,0.0008210817219136134,False,0.0
1222,1714,0.9319114150472928,True,1.0
1223,1716,0.9470694192403225,True,1.0
1224,1718,0.054543941823646774,False,0.0
1225,1719,0.00790674620508703,False,0.0
1226,1720,0.09984915290628218,False,0.0
1227,1721,0.00412716021018272,False,0.0
1228,1722,0.003390894971184137,False,0.0
1229,1724,0.019383474528177153,False,0.0
1230,1725,0.021077282664986072,False,0.0
1231,1727,0.006815089045527425,False,0.0
1232,1728,0.0014344671583129687,False,0.0
1233,1729,0.010261861372185961,False,0.0
1234,1731,0.030533466255900345,False,0.0
1235,1732,0.0479246664802739,False,0.0
1236,1733,0.05918176767345596,False,1.0
1237,1734,0.9410386904875006,True,1.0
1238,1735,0.05099693126380591,False,0.0
1239,1736,0.03227964002780244,False,0.0
1240,1737,0.0009233271136863884,False,0.0
1241,1739,0.10529162553037251,False,0.0
1242,1740,0.004739495840066815,False,0.0
1243,1744,0.026215279280882353,False,0.0
1244,1745,0.019819911524040574,False,0.0
1245,1746,0.1251501542547039,False,0.0
1246,1747,0.9290329383909105,True,1.0
1247,1749,0.01919213303582593,False,0.0
1248,1751,0.005395669601801471,False,0.0
1249,1752,0.9613542821880039,True,1.0
1250,1753,0.04533074343918964,False,0.0
1251,1754,0.03921144732209203,False,0.0
1252,1755,0.0024060620903248913,False,0.0
1253,1756,0.005356265039741973,False,0.0
1254,1757,0.049965721476564036,False,0.0
1255,1758,0.9626271959057732,True,1.0
1256,1760,0.01670214787471128,False,0.0
1257,1761,0.9037971932218498,True,1.0
1258,1762,0.06266910085477453,False,0.0
1259,1763,0.00527283688569445,False,0.0
1260,1764,0.008058306752668002,False,0.0
1261,1766,0.017354030129435757,False,0.0
1262,1767,0.8958053951384095,True,1.0
1263,1768,0.03058215494095268,False,0.0
1264,1770,0.0036314484060288393,False,0.0
1265,1771,0.001525815611020376,False,0.0
1266,1772,0.005754599045673902,False,0.0
1267,1774,0.0016639481784421555,False,0.0
1268,1775,0.0010730405187943284,False,0.0
1269,1778,0.00018323793827791751,False,0.0
1270,1779,0.009392441841477566,False,0.0
1271,1780,0.866787916741137,True,1.0
1272,1782,0.0007042068157976845,False,0.0
1273,1783,0.917014754991207,True,1.0
1274,1784,0.030260022169011615,False,0.0
1275,1786,0.004203233942369278,False,0.0
1276,1787,0.015761832492243374,False,0.0
1277,1789,0.0007467001432091022,False,0.0
1278,1790,0.09367908151552294,False,0.0
1279,1792,0.8204622470822494,True,1.0
1280,1794,0.0075666876814601165,False,0.0
1281,1797,0.8920747962550897,True,1.0
1282,1798,0.018926941349709663,False,0.0
1283,1799,0.007314028983705165,False,0.0
1284,1800,0.0009408089836303187,False,0.0
1285,1801,0.0770074432898267,False,0.0
1286,1802,0.004888831365820442,False,0.0
1287,1803,0.03526825941100639,False,0.0
1288,1804,0.00021077684384155813,False,0.0
1289,1805,0.004146223281539797,False,0.0
1290,1807,0.6752048615033617,True,1.0
1291,1809,0.020046249029145338,False,1.0
1292,1812,0.008360918398606159,False,0.0
1293,1813,0.007550012676259617,False,0.0
1294,1814,0.00478750928204523,False,0.0
1295,1815,0.013830257845502127,False,0.0
1296,1816,0.046594045549848015,False,0.0
1297,1818,0.8769647688902739,True,1.0
1298,1821,0.7341121837956559,True,1.0
1299,1822,0.0007488159136678661,False,0.0
1300,1823,0.004391067430896074,False,0.0
1301,1824,0.0032440195609228085,False,0.0
1302,1826,0.01612090260980965,False,0.0
1303,1827,0.012998361594194228,False,0.0
1304,1829,0.0014918150360879053,False,0.0
1305,1830,0.0020544141863727316,False,0.0
1306,1833,0.20269175130994113,False,0.0
1307,1834,0.0018191410108923391,False,0.0
1308,1835,0.0014612959586926529,False,0.0
1309,1836,0.015291212253503751,False,0.0
1310,1837,0.002592683934671525,False,0.0
1311,1839,0.026849075364532078,False,0.0
1312,1842,0.9484203464810714,True,1.0
1313,1844,0.998939042185051,True,1.0
1314,1845,0.004082927509433901,False,0.0
1315,1847,0.004530332582377958,False,0.0
1316,1849,0.003698687085946898,False,0.0
1317,1850,0.0661303976712698,False,0.0
1318,1852,0.006655475655833503,False,0.0
1319,1853,0.6619159407322626,True,0.0
1320,1854,0.0037261313506210965,False,0.0
1321,1856,0.0434368286557977,False,0.0
1322,1857,0.026036206106614446,False,0.0
1323,1858,0.0006085596610337312,False,0.0
1324,1859,0.010444357113309936,False,0.0
1325,1860,0.008344151403791166,False,0.0
1326,1862,0.9431822378820215,True,1.0
1327,1863,0.003182446112653518,False,0.0
1328,1864,0.0021334217986885024,False,0.0
1329,1865,0.038629729113582936,False,0.0
1330,1866,0.0022540876842111423,False,0.0
1331,1867,0.002211250234794203,False,0.0
1332,1868,0.9720617721031155,True,1.0
1333,1869,0.8101623505827633,True,1.0
1334,1870,0.0024068713491745804,False,0.0
1335,1871,0.0036571394352906345,False,0.0
1336,1873,0.011822163885875632,False,0.0
1337,1875,0.023565858838136704,False,0.0
1338,1876,0.9569956372224032,True,1.0
1339,1878,0.9915332308691975,True,1.0
1340,1880,0.018757823786034324,False,0.0
1341,1881,0.1071865501663883,False,0.0
1342,1882,0.01626919513369914,False,0.0
1343,1883,0.021631050497288955,False,0.0
1344,1885,0.007810756660294927,False,0.0
1345,1886,0.007641904270607765,False,0.0
1346,1888,0.005275745754527402,False,0.0
1347,1890,0.0013368430098543676,False,0.0
1348,1892,0.0015117468389152797,False,0.0
1349,1893,0.06036404201323676,False,0.0
1350,1898,0.00015300907959197194,False,0.0
1351,1900,0.0037989371624487047,False,0.0
1352,1903,0.0006072573487570361,False,0.0
1353,1905,0.9561611046515789,True,1.0
1354,1907,0.8705724919686908,True,1.0
1355,1908,0.0364773011213824,False,0.0
1356,1909,0.002678372751999189,False,0.0
1357,1911,0.010212325011693713,False,0.0
1358,1912,0.017272935263978974,False,0.0
1359,1915,0.013452331083000294,False,0.0
1360,1916,0.05259345141022671,False,0.0
1361,1918,0.009201204359825627,False,0.0
1362,1922,0.005508311565928014,False,0.0
1363,1924,0.024047200157798255,False,0.0
1364,1927,0.006499179795182024,False,0.0
1365,1928,0.9987266701687469,True,1.0
1366,1929,0.041290453935529596,False,0.0
1367,1931,0.0032049633268658247,False,0.0
1368,1932,0.0047050983172718,False,0.0
1369,1933,0.9548484835617475,True,1.0
1370,1934,0.0038520299050646147,False,0.0
1371,1935,0.022868168011779197,False,0.0
1372,1936,0.010567058555706232,False,0.0
1373,1937,0.0040842424843375545,False,0.0
1374,1938,0.005897503484616016,False,0.0
1375,1939,0.9104516297267692,True,1.0
1376,1940,0.0006429018260839684,False,0.0
1377,1941,0.0005396197641317133,False,0.0
1378,1943,0.013612638097553946,False,0.0
1379,1944,0.9945563142525943,True,1.0
1380,1945,0.09748109453759263,False,0.0
1381,1947,0.008682955892566744,False,0.0
1382,1948,0.024441709487503873,False,0.0
1383,1949,0.0018463199037113958,False,0.0
1384,1950,0.048786087996504114,False,0.0
1385,1951,0.030283757242764126,False,0.0
1386,1952,0.022223412163337116,False,0.0
1387,1954,0.001753661844597113,False,0.0
1388,1955,0.0025904438211084764,False,0.0
1389,1956,0.008544833158097419,False,0.0
1390,1960,0.8844015887881475,True,1.0
1391,1961,0.07836508709559495,False,0.0
1392,1962,0.013457500884262697,False,0.0
1393,1965,0.0053719891424853705,False,0.0
1394,1966,0.01815862091293324,False,0.0
1395,1967,0.9045095584571327,True,1.0
1396,1968,0.9490355952531547,True,1.0
1397,1969,0.0035005269066648234,False,0.0
1398,1970,0.0008706150094123706,False,0.0
1399,1971,0.007422567478697167,False,0.0
1400,1972,0.023831796348221412,False,0.0
1401,1973,0.012688496319218102,False,0.0
1402,1974,0.05304615053708879,False,0.0
1403,1975,0.0032885368149667416,False,0.0
1404,1976,0.001186901201422355,False,0.0
1405,1979,0.003689878309308077,False,0.0
1406,1980,0.03482472247953369,False,0.0
1407,1981,0.008931406452643818,False,0.0
1408,1982,0.004672649156315025,False,0.0
1409,1985,0.07899847965660411,False,0.0
1410,1986,0.0016828940289193772,False,0.0
1411,1987,0.02705673903698414,False,0.0
1412,1989,0.00521222417761228,False,0.0
1413,1992,0.03433099097987054,False,0.0
1414,1993,0.014839452054576135,False,0.0
1415,1994,0.020073001110822695,False,0.0
1416,1995,0.00037873178979313296,False,0.0
1417,1996,0.004309654850751359,False,0.0
1418,1997,0.029226056486396295,False,0.0
1419,1998,0.009762460084004365,False,0.0
1420,1999,0.0010286466590634133,False,0.0
1421,2000,0.0027899244860807434,False,0.0
1422,2003,0.11164791306672563,False,0.0
1423,2007,0.0010109727365461302,False,0.0
1424,2008,0.0013521522224729937,False,0.0
1425,2009,0.025538776978630485,False,0.0
1426,2010,0.0458250034965179,False,0.0
1427,2012,0.00435790559648162,False,0.0
1428,2013,0.013162412564757996,False,0.0
1429,2014,0.07649552047292654,False,0.0
1430,2015,0.0014513148519975738,False,0.0
1431,2016,0.016370152892714658,False,0.0
1432,2017,0.0020394962421796292,False,0.0
1433,2018,0.014426901680682952,False,0.0
1434,2019,0.0008955690346485175,False,0.0
1435,2020,0.15375382915847952,False,0.0
1436,2021,0.9471452849612189,True,0.0
1437,2022,0.00018958583814660278,False,0.0
1438,2023,0.9918453681894626,True,1.0
1439,2024,0.023654795588442083,False,0.0
1440,2025,0.00192614585181327,False,0.0
1441,2026,0.0005298865201001083,False,0.0
1442,2027,0.9102271395687318,True,1.0
1443,2031,0.0351260128066529,False,0.0
1444,2032,0.9483460144578918,True,1.0
1445,2034,0.0006304962262631445,False,0.0
1446,2035,0.003508597083774609,False,0.0
1447,2036,0.0004882425282107567,False,0.0
1448,2037,0.011007451720130013,False,0.0
1449,2038,0.0166901852246158,False,0.0
1450,2040,0.03988983068275902,False,0.0
1451,2041,0.011944940779150169,False,0.0
1452,2044,0.006339987886800653,False,1.0
1453,2045,0.01706189185462661,False,0.0
1454,2046,0.024808439589965724,False,0.0
1455,2048,0.0027011283913539338,False,0.0
1456,2049,0.04016350195175967,False,0.0
1457,2051,0.0011566643006707801,False,0.0
1458,2052,0.00011589764092387336,False,0.0
1459,2053,0.09304777788501942,False,0.0
1460,2054,0.03714693807421609,False,0.0
1461,2055,0.03731429495050627,False,1.0
1462,2056,0.03789322705122218,False,0.0
1463,2057,0.012983968972597503,False,0.0
1464,2060,0.03484650796204852,False,0.0
1465,2061,0.009224984415221084,False,0.0
1466,2062,0.028088388924520674,False,0.0
1467,2064,0.0035084307500545453,False,0.0
1468,2065,0.002962679737020454,False,0.0
1469,2068,0.008270498030646282,False,0.0
